3月1日,1111,あああああ
3月2日,1111,あああああ
3月3日,1111,あああああ
3月4日,1111,あああああ
3月5日,1111,あああああ
3月6日,1111,あああああ
3月7日,1111,あああああ
3月8日,1111,あああああ
3月9日,1111,あああああ
3月10日,1111,あああああ
3月11日,1111,あああああ
3月12日,1111,モバハチ
3月13日,1111,モバハチ
3月14日,1111,あああああ
3月15日,1111,あああああ
3月16日,1111,あああああ
3月17日,m00000000001003,携帯・スマートフォン・PC対応]モバハチ【Moba8.net】無料会員募集プログラム(07-0213)
3月18日,1111,あああああ
3月19日,1111,あああああ
3月20日,1111,あああああ
3月21日,1111,あああああ
3月22日,1111,あああああ
3月23日,1111,あああああ
3月24日,1111,あああああ
3月25日,1111,あああああ
3月26日,1111,あああああ
3月27日,1111,あああああ
3月28日,1111,あああああ
3月29日,1111,あああああ
3月30日,1111,あああああ
3月31日,1111,あああああ
